hallo &&name, bist du eigendlich dumm?;5;
ich bin Chris, und ich kann dich nicht leiden! &&name, das ist doch kein richtiger name;5;
https://www.youtube.com/watch?v=nOKHlWAp4No&ab_channel=unkyjayjay;0;
floh: 'Was ist eine spalte?;5;test;6;
das ist eine Message fuer die CSV;5;
https://youtu.be/NRduatRzkfc?t=8;0;
test test test;5;
https://tenor.com/view/willem-dafoe-laugh-crazy-car-close-up-gif-12180194;0;
https://www.youtube.com/watch?v=Obgnr9pc820;0;
https://www.youtube.com/watch?v=kk0feCp_MZ4;0;
https://www.youtube.com/watch?v=uvsPzuriDdA;0;
https://www.youtube.com/watch?v=QH2-TGUlwu4;0;
https://www.youtube.com/watch?v=1xGELvS_jVM;0;
https://www.youtube.com/watch?v=Jx_ng-kGZE4;0;
https://www.youtube.com/watch?v=UyZoRtrvJMU;0;
https://youtu.be/ElEMwnK9FjE;0;
https://www.youtube.com/watch?v=lg5WKsVnEA4;0;
https://www.youtube.com/watch?v=pOeig6_aAtE;0;
https://youtu.be/yBLdQ1a4-JI;0;
https://youtu.be/EqekSuj5HCo;0;
https://www.youtube.com/watch?v=rhvF2_JkDhQ;0;
